,Doing a reproduction made me value reproductions more.,Doing a reproduction made me more critical of results in scientific papers.,Doing a reproduction changed how I view the scientific process.,Doing a reproduction was a valuable experience for me.,I would like to do this again.,An online reproduction attempt adds value to the original paper.,"Before implementing a paper/method, I would consult an online reproduction.",I would want others to reproduce my own work.,Writing a new paper is more valuable than doing a reproduction.,Doing a reproduction is perceived as valuable by the community.,An online reproduction repository increases the perceived value of doing a reproduction.,An online reproduction repository adds value in addition to PapersWithCode.com,I would like to contribute by adding a reproduction by myself or by my students/team/...,More university courses should have a reproduction project.
0,Disagree,Agree,Neutral,Disagree,Strongly disagree,Agree,Neutral,Neutral,Strongly agree,Neutral,Neutral,Neutral,Neutral,Strongly disagree
1,Strongly agree,Strongly agree,Agree,Strongly agree,Strongly agree,Agree,Agree,Neutral,Disagree,Strongly agree,Neutral,Neutral,Strongly agree,Strongly agree
2,Agree,Agree,Neutral,Agree,Agree,Agree,Agree,Agree,Neutral,Strongly agree,Strongly agree,Agree,Agree,Strongly agree
3,Strongly agree,Strongly agree,Agree,Agree,Agree,Strongly agree,Strongly agree,Strongly agree,Neutral,Strongly agree,Strongly agree,Agree,Agree,Strongly agree
4,Agree,Neutral,Agree,Strongly agree,Strongly agree,Agree,Neutral,Strongly agree,Disagree,Disagree,Agree,Neutral,Agree,Neutral
5,Strongly agree,Agree,Neutral,Agree,Agree,Agree,Neutral,Agree,Agree,Agree,Disagree,Neutral,Neutral,Agree
6,Agree,Agree,Agree,Neutral,Neutral,Agree,Disagree,Agree,Neutral,Neutral,Agree,Neutral,Neutral,Neutral
7,Agree,Agree,Agree,Neutral,Neutral,Agree,Neutral,Agree,Disagree,Neutral,Neutral,Neutral,Neutral,Agree
8,Agree,Strongly agree,Agree,Agree,Agree,Agree,Neutral,Agree,Agree,Agree,Agree,Agree,Agree,Neutral
9,Agree,Agree,Agree,Strongly agree,Agree,Neutral,Neutral,Neutral,Neutral,Agree,Strongly agree,Agree,Agree,Agree
10,Neutal ,Agree,Neutral,Agree,Neutral,Agree,Disagree,Agree,Neutral,Agree,Agree,Agree,Disagree,Neutral
11,Agree,Agree,Agree,Disagree,Strongly disagree,Neutral,Agree,Disagree,Agree,Disagree,Agree,Neutral,Strongly disagree,Neutral
12,Strongly agree,Strongly agree,Agree,Strongly agree,Agree,Neutral,Disagree,Agree,Neutral,Neutral,Neutral,Neutral,Neutral,Neutral
13,Strongly agree,Strongly agree,Strongly agree,Strongly agree,Agree,Strongly agree,Neutral,Agree,Neutral,Neutral,Agree,Agree,Agree,Agree
14,Agree,Strongly agree,Agree,Strongly agree,Agree,Strongly agree,Agree,Strongly agree,Neutral,Agree,Agree,Strongly agree,Agree,Agree
15,Strongly agree,Strongly agree,Agree,Agree,Agree,Strongly agree,Neutral,Agree,Neutral,Agree,Strongly agree,Strongly agree,Agree,Strongly agree
16,Agree,Agree,Neutral,Agree,Agree,Strongly agree,Disagree,Agree,Agree,Neutral,Agree,Neutral,Neutral,Disagree
17,Agree,Agree,Neutral,Agree,Agree,Agree,Agree,Agree,Neutral,Neutral,Agree,Agree,Agree,Agree
18,Agree,Agree,Neutral,Strongly agree,Agree,Agree,Agree,Agree,Disagree,Agree,Agree,Agree,Agree,Agree
19,Strongly agree,Strongly agree,Agree,Strongly agree,Strongly agree,Agree,Agree,Agree,Neutral,Disagree,Agree,Neutral,Agree,Agree
20,Agree,Strongly agree,Disagree,Agree,Neutral,Agree,Strongly agree,Strongly agree,Disagree,Neutral,Strongly agree,Strongly agree,Agree,Neutral
21,Strongly agree,Strongly agree,Agree,Strongly agree,Strongly agree,Agree,Neutral,Agree,Neutral,Strongly agree,Agree,Agree,Agree,Strongly agree
22,Strongly agree,Strongly agree,Strongly agree,Strongly agree,Strongly agree,Strongly agree,Agree,Strongly agree,Disagree,Neutral,Agree,Agree,Agree,Agree
23,Neutal ,Agree,Strongly disagree,Neutral,Agree,Agree,Disagree,Agree,Disagree,Agree,Agree,Agree,Neutral,Neutral
24,Agree,Neutral,Agree,Strongly agree,Strongly agree,Neutral,Agree,Strongly agree,Agree,Agree,Agree,Agree,Agree,Strongly agree
25,Strongly agree,Agree,Neutral,Agree,Agree,Neutral,Neutral,Agree,Disagree,Neutral,Neutral,Agree,Agree,Agree
26,Neutal ,Disagree,Disagree,Strongly agree,Strongly agree,Strongly agree,Strongly agree,Agree,Agree,Neutral,Strongly agree,Agree,Neutral,Strongly agree
27,Strongly disagree,Strongly agree,Neutral,Strongly agree,Strongly agree,Disagree,Strongly agree,Strongly agree,Disagree,Strongly agree,Strongly agree,Neutral,Neutral,Strongly agree
28,Agree,Agree,Agree,Agree,Neutral,Strongly agree,Agree,Agree,Agree,Agree,Agree,Agree,Agree,Agree
29,Agree,Neutral,Agree,Strongly agree,Agree,Strongly agree,Neutral,Strongly agree,Neutral,Agree,Agree,Agree,Agree,Strongly agree
30,Strongly agree,Agree,Neutral,Strongly agree,Agree,Agree,Agree,Agree,Agree,Agree,Agree,Agree,Strongly agree,Strongly agree
31,Neutal ,Strongly agree,Agree,Agree,Strongly disagree,Agree,Neutral,Strongly agree,Neutral,Neutral,Neutral,Agree,Disagree,Agree
32,Strongly agree,Strongly agree,Neutral,Strongly agree,Strongly agree,Strongly agree,Agree,Agree,Agree,Agree,Strongly agree,Agree,Agree,Strongly agree
33,Disagree,Strongly agree,Disagree,Neutral,Agree,Agree,Agree,Agree,Disagree,Neutral,Neutral,Agree,Agree,Agree
34,Strongly agree,Strongly agree,Strongly agree,Strongly agree,Strongly agree,Agree,Strongly agree,Neutral,Strongly agree,Neutral,Strongly agree,Strongly agree,Strongly agree,Strongly agree
35,Strongly agree,Strongly agree,Neutral,Agree,Agree,Strongly agree,Agree,Strongly agree,Disagree,Agree,Agree,Agree,Agree,Agree
36,Agree,Agree,Neutral,Agree,Agree,Agree,Agree,Agree,Neutral,Disagree,Agree,Agree,Agree,Agree
37,Agree,Agree,Neutral,Agree,Agree,Agree,Strongly agree,Agree,Disagree,Agree,Neutral,Neutral,Agree,Strongly agree
38,Agree,Agree,Agree,Strongly agree,Agree,Agree,Agree,Agree,Neutral,Agree,Agree,Agree,Agree,Agree
39,Neutal ,Strongly agree,Neutral,Agree,Neutral,Strongly agree,Agree,Strongly agree,Agree,Agree,Strongly agree,Strongly agree,Agree,Agree
40,Agree,Agree,Neutral,Strongly agree,Agree,Strongly agree,Strongly agree,Strongly agree,Agree,Strongly agree,Strongly agree,Agree,Agree,Neutral
41,Strongly agree,Agree,Strongly agree,Agree,Strongly agree,Strongly agree,Agree,Strongly agree,Neutral,Agree,Agree,Agree,Agree,Agree
42,Agree,Agree,Neutral,Strongly agree,Strongly agree,Agree,Strongly agree,Strongly agree,Disagree,Disagree,Agree,Agree,Neutral,Agree
43,Strongly agree,Strongly agree,Strongly agree,Strongly agree,Strongly agree,Neutral,Strongly agree,Strongly agree,Disagree,Strongly disagree,Strongly agree,Strongly agree,Strongly agree,Strongly agree
44,Agree,Strongly agree,Agree,Strongly agree,Agree,Agree,Strongly agree,Strongly agree,Neutral,Agree,Agree,Agree,Neutral,Agree
