,An online reproduction attempt adds value to the original paper.,"Before implementing a paper/method, I would consult an online reproduction.",I would want others to reproduce my own work.,Writing a new paper is more valuable than doing a reproduction.,Doing a reproduction is perceived as valuable by the community.,An online reproduction repository increases the perceived value of doing a reproduction.,An online reproduction repository increases the awareness of reproductions.,An online reproduction repository adds value in addition to PapersWithCode.com,I would like to contribute by adding a reproduction by myself or by my students/team/...,More university courses should have a reproduction project.,You identify yourself mostly as a
0,Strongly agree,Strongly agree,Strongly agree,Agree,Strongly agree,Strongly agree,Strongly agree,Strongly agree,Neutral,Strongly agree,Starting researcher
1,Strongly agree,Agree,Strongly agree,Neutral,Disagree,Agree,Agree,Agree,Agree,Agree,Experienced researcher
2,Strongly agree,Agree,Strongly agree,Neutral,Strongly agree,Strongly agree,Strongly agree,Strongly agree,Strongly agree,Strongly agree,Starting researcher
3,Strongly agree,Agree,Agree,Neutral,Strongly agree,Strongly agree,Strongly agree,Neutral,Disagree,Strongly agree,Starting researcher
4,Agree,Strongly agree,Agree,Neutral,Agree,Disagree,Neutral,Disagree,Agree,Strongly agree,Student
5,Strongly agree,Agree,Agree,Disagree,Disagree,Strongly agree,Strongly agree,Strongly agree,Neutral,Strongly agree,Experienced researcher
6,Strongly agree,Strongly agree,Strongly agree,Agree,Agree,Strongly agree,Strongly agree,Strongly agree,Strongly agree,Strongly agree,Starting researcher
7,Strongly agree,Strongly agree,Strongly agree,Agree,Neutral,Agree,Agree,Agree,Neutral,Agree,Starting researcher
8,Agree,Strongly agree,Strongly agree,Agree,Neutral,Agree,Strongly agree,Neutral,Disagree,Disagree,Experienced researcher
9,Agree,Neutral,Agree,Neutral,Neutral,Agree,Agree,Strongly agree,Neutral,Agree,Starting researcher
10,Agree,Agree,Strongly agree,Neutral,Agree,Agree,Neutral,Agree,Strongly agree,Agree,Experienced researcher
11,Strongly agree,Strongly agree,Strongly agree,Neutral,Agree,Strongly agree,Agree,Agree,Strongly agree,Strongly agree,Experienced researcher
12,Strongly agree,Agree,Strongly agree,Strongly disagree,Strongly agree,Strongly agree,Agree,Agree,Strongly agree,Agree,Experienced researcher
13,Strongly agree,Strongly agree,Strongly agree,Agree,Disagree,Strongly agree,Strongly agree,Agree,Strongly agree,Strongly agree,Experienced researcher
14,Strongly agree,Agree,Strongly agree,Neutral,Agree,Agree,Strongly agree,Agree,Agree,Strongly agree,Student
15,Strongly agree,Strongly agree,Strongly agree,Agree,Neutral,Strongly agree,Strongly agree,Agree,Agree,Strongly agree,Starting researcher
16,Agree,Strongly agree,Agree,Agree,Neutral,Agree,Agree,Agree,Neutral,Neutral,Starting researcher
17,Agree,Agree,Agree,Agree,Agree,Agree,Agree,Agree,Agree,Agree,Student
18,Strongly agree,Strongly agree,Strongly agree,Strongly agree,Neutral,Strongly agree,Strongly agree,Neutral,Agree,Strongly agree,Experienced researcher
19,Strongly agree,Agree,Strongly agree,Disagree,Disagree,Agree,Agree,Agree,Agree,Agree,Experienced researcher
20,Neutral,Strongly agree,Agree,Agree,Agree,Neutral,Agree,Agree,Agree,Agree,Student
21,Strongly agree,Strongly agree,Agree,Disagree,Agree,Agree,Strongly agree,Strongly agree,Strongly agree,Strongly agree,Experienced researcher
22,Agree,Strongly agree,Neutral,Strongly agree,Disagree,Agree,Agree,Neutral,Neutral,Strongly agree,Experienced researcher
23,Strongly agree,Agree,Strongly agree,Disagree,Agree,Strongly agree,Strongly agree,Neutral,Neutral,Agree,Starting researcher
24,Strongly agree,Strongly agree,Strongly agree,Agree,Disagree,Agree,Agree,Agree,Neutral,Agree,Experienced researcher
25,Strongly agree,Agree,Agree,Neutral,Strongly agree,Agree,Agree,Agree,Neutral,Agree,Starting researcher
26,Strongly agree,Neutral,Agree,Disagree,Disagree,Neutral,Agree,Agree,Neutral,Agree,Starting researcher
27,Strongly agree,Strongly agree,Strongly agree,Disagree,Agree,Strongly agree,Strongly agree,Strongly agree,Strongly agree,Strongly agree,Student
28,Strongly agree,Agree,Agree,Neutral,Agree,Agree,Neutral,Agree,Neutral,Agree,Student
29,Strongly agree,Strongly agree,Strongly agree,Strongly agree,Strongly agree,Strongly agree,Strongly agree,Neutral,Strongly agree,Strongly agree,Experienced researcher
30,Strongly agree,Agree,Agree,Disagree,Agree,Agree,Agree,Agree,Agree,Disagree,Starting researcher
31,Strongly agree,Strongly agree,Strongly agree,Disagree,Strongly disagree,Agree,Strongly agree,Strongly agree,Strongly agree,Strongly agree,Starting researcher
32,Strongly agree,Agree,Agree,Neutral,Disagree,Strongly agree,Strongly agree,Agree,Neutral,Agree,Starting researcher
33,Strongly agree,Strongly agree,Strongly agree,Neutral,Agree,Strongly agree,Agree,Neutral,Neutral,Agree,Starting researcher
34,Strongly agree,Strongly agree,Strongly agree,Neutral,Agree,Agree,Strongly agree,Neutral,Neutral,Agree,Experienced researcher
35,Strongly agree,Strongly agree,Agree,Agree,Disagree,Agree,Agree,Agree,Neutral,Agree,Starting researcher
36,Agree,Agree,Agree,Neutral,Agree,Agree,Strongly agree,Neutral,Neutral,Strongly agree,Experienced researcher
37,Strongly agree,Disagree,Strongly agree,Agree,Agree,Agree,Agree,Neutral,Agree,Agree,Starting researcher
38,Agree,Neutral,Agree,Disagree,Strongly agree,Agree,Agree,Agree,Neutral,Strongly agree,Starting researcher
39,Strongly agree,Strongly agree,Strongly agree,Disagree,Agree,Agree,Agree,Agree,Neutral,Agree,Experienced researcher
40,Strongly agree,Strongly agree,Agree,Neutral,Strongly agree,Strongly agree,Strongly agree,Strongly agree,Agree,Strongly agree,Student
41,Strongly agree,Strongly agree,Strongly agree,Neutral,Disagree,Agree,Agree,Agree,Neutral,Neutral,Experienced researcher
42,Strongly agree,Disagree,Neutral,Agree,Neutral,Agree,Agree,Agree,Neutral,Agree,Starting researcher
43,Agree,Strongly agree,Agree,Neutral,Disagree,Strongly agree,Strongly agree,Strongly agree,Agree,Agree,Experienced researcher
44,Agree,Agree,Neutral,Neutral,Neutral,Agree,Agree,Agree,Agree,Agree,Starting researcher
45,Strongly agree,Neutral,Strongly agree,Disagree,Disagree,Agree,Neutral,Agree,Neutral,Strongly agree,Starting researcher
46,Agree,Strongly agree,Strongly agree,Agree,Strongly agree,Strongly agree,Agree,Strongly agree,Strongly agree,Agree,Student
47,Strongly agree,Agree,Agree,Strongly agree,Agree,Neutral,Neutral,Neutral,Neutral,Neutral,Experienced researcher
48,Strongly agree,Agree,Agree,Strongly agree,Strongly agree,Agree,Agree,Agree,Neutral,Neutral,Experienced researcher
49,Strongly agree,Strongly agree,Strongly agree,Neutral,Agree,Neutral,Neutral,Strongly agree,Strongly agree,Agree,Starting researcher
50,Agree,Agree,Agree,Neutral,Agree,Strongly agree,Strongly agree,Strongly agree,Neutral,Agree,Starting researcher
51,Strongly agree,Agree,Agree,Disagree,Agree,Agree,Agree,Strongly agree,Agree,Agree,Starting researcher
52,Strongly agree,Agree,Agree,Strongly disagree,Agree,Agree,Agree,Agree,Agree,Agree,Starting researcher
53,Strongly agree,Strongly agree,Agree,Agree,Agree,Agree,Agree,Agree,Agree,Agree,Experienced researcher
54,Strongly agree,Strongly agree,Strongly agree,Neutral,Neutral,Strongly agree,Strongly agree,Agree,Strongly disagree,Neutral,Starting researcher
55,Agree,Strongly agree,Agree,Agree,Neutral,Neutral,Agree,Neutral,Agree,Neutral,Experienced researcher
56,Agree,Disagree,Agree,Strongly agree,Agree,Strongly agree,Strongly agree,Agree,Agree,Neutral,Experienced researcher
57,Agree,Agree,Agree,Neutral,Agree,Neutral,Neutral,Neutral,Agree,Agree,Experienced researcher
58,Strongly agree,Strongly agree,Strongly agree,Agree,Disagree,Agree,Strongly agree,Agree,Agree,Agree,Starting researcher
59,Strongly agree,Neutral,Agree,Neutral,Agree,Agree,Strongly agree,Agree,Neutral,Agree,Experienced researcher
60,Agree,Agree,Agree,Agree,Agree,Agree,Agree,Agree,Agree,Agree,Starting researcher
61,Strongly agree,Strongly agree,Strongly agree,Disagree,Disagree,Agree,Agree,Agree,Agree,Agree,Experienced researcher
62,Strongly agree,Disagree,Neutral,Disagree,Strongly disagree,Agree,Strongly agree,Neutral,Disagree,Strongly agree,Starting researcher
63,Agree,Strongly agree,Agree,Strongly disagree,Agree,Agree,Agree,Agree,Agree,Agree,Starting researcher
64,Agree,Agree,Strongly agree,Neutral,Agree,Neutral,Agree,Neutral,Agree,Neutral,Experienced researcher
65,Strongly agree,Strongly agree,Strongly agree,Disagree,Strongly disagree,Neutral,Neutral,Agree,Neutral,Strongly agree,Experienced researcher
66,Neutral,Agree,Neutral,Neutral,Agree,Agree,Agree,Neutral,Neutral,Agree,Experienced researcher
67,Strongly agree,Strongly agree,Agree,Agree,Agree,Agree,Strongly agree,Agree,Neutral,Strongly agree,Experienced researcher
68,Agree,Strongly agree,Agree,Neutral,Neutral,Strongly agree,Agree,Agree,Agree,Agree,Experienced researcher
69,Strongly agree,Strongly agree,Strongly agree,Neutral,Neutral,Agree,Agree,Agree,Agree,Agree,Experienced researcher
70,Strongly agree,Strongly agree,Agree,Agree,Neutral,Agree,Agree,Agree,Agree,Strongly agree,Experienced researcher
71,Strongly agree,Strongly agree,Strongly agree,Agree,Agree,Strongly agree,Agree,Agree,Strongly agree,Strongly agree,Experienced researcher
72,Agree,Agree,Strongly agree,Agree,Agree,Neutral,Neutral,Neutral,Neutral,Agree,Experienced researcher
73,Strongly agree,Strongly agree,Agree,Disagree,Neutral,Strongly agree,Agree,Agree,Agree,Strongly agree,Starting researcher
74,Strongly agree,Agree,Neutral,Agree,Agree,Agree,Strongly agree,Strongly agree,Agree,Agree,Starting researcher
75,Strongly agree,Agree,Strongly agree,Neutral,Strongly disagree,Neutral,Strongly agree,Agree,Agree,Neutral,Student
76,Strongly agree,Strongly agree,Strongly agree,Neutral,Neutral,Agree,Neutral,Strongly agree,Neutral,Agree,Experienced researcher
77,Agree,Agree,Agree,Neutral,Disagree,Agree,Agree,Neutral,Disagree,Agree,Experienced researcher
78,Strongly agree,Agree,Agree,Strongly agree,Agree,Agree,Strongly agree,Neutral,Neutral,Agree,Starting researcher
79,Strongly agree,Strongly agree,Strongly agree,Strongly agree,Strongly agree,Strongly agree,Strongly agree,Strongly agree,Strongly agree,Strongly agree,Starting researcher
80,Agree,Agree,Neutral,Neutral,Neutral,Agree,Agree,Agree,Neutral,Neutral,Starting researcher
81,Agree,Agree,Strongly agree,Disagree,Agree,Agree,Agree,Agree,Agree,Strongly agree,Student
82,Agree,Strongly agree,Agree,Strongly agree,Agree,Agree,Neutral,Strongly agree,Neutral,Neutral,Experienced researcher
83,Strongly agree,Neutral,Neutral,Neutral,Neutral,Neutral,Strongly agree,Strongly agree,Disagree,Agree,Starting researcher
84,Agree,Agree,Agree,Disagree,Neutral,Agree,Agree,Agree,Agree,Strongly agree,Starting researcher
85,Agree,Agree,Agree,Agree,Neutral,Agree,Agree,Agree,Neutral,Agree,Experienced researcher
86,Strongly agree,Neutral,Agree,Neutral,Disagree,Agree,Strongly agree,Neutral,Neutral,Agree,Experienced researcher
87,Strongly agree,Strongly agree,Strongly agree,Neutral,Neutral,Disagree,Disagree,Neutral,Disagree,Disagree,Experienced researcher
88,Strongly agree,Agree,Strongly agree,Agree,Neutral,Strongly agree,Strongly agree,Agree,Neutral,Agree,Experienced researcher
89,Agree,Strongly agree,Strongly agree,Agree,Strongly agree,Neutral,Agree,Agree,Neutral,Strongly agree,Starting researcher
90,Strongly agree,Strongly agree,Strongly agree,Neutral,Strongly agree,Strongly agree,Strongly agree,Strongly agree,Strongly agree,Neutral,Experienced researcher
91,Agree,Agree,Strongly agree,Disagree,Neutral,Agree,Agree,Neutral,Neutral,Agree,Starting researcher
92,Strongly agree,Strongly agree,Agree,Neutral,Agree,Agree,Strongly agree,Neutral,Agree,Disagree,Student
93,Strongly agree,Agree,Strongly agree,Disagree,Disagree,Neutral,Agree,Neutral,Neutral,Strongly agree,Starting researcher
94,Strongly agree,Strongly agree,Neutral,Disagree,Agree,Strongly agree,Strongly agree,Strongly agree,Strongly agree,Strongly agree,Experienced researcher
95,Strongly agree,Agree,Agree,Neutral,Disagree,Agree,Agree,Agree,Neutral,Agree,Starting researcher
96,Strongly agree,Agree,Strongly agree,Disagree,Neutral,Agree,Agree,Agree,Agree,Strongly agree,Starting researcher
97,Strongly agree,Agree,Strongly agree,Disagree,Disagree,Strongly agree,Strongly agree,Agree,Agree,Strongly agree,Experienced researcher
98,Strongly agree,Strongly agree,Agree,Neutral,Disagree,Agree,Agree,Neutral,Neutral,Strongly agree,Starting researcher
99,Strongly agree,Agree,Agree,Disagree,Strongly disagree,Agree,Agree,Strongly agree,Agree,Agree,Student
100,Strongly agree,Neutral,Strongly disagree,Disagree,Strongly agree,Agree,Agree,Neutral,Neutral,Agree,Experienced researcher
101,Strongly agree,Strongly agree,Agree,Agree,Agree,Neutral,Agree,Disagree,Agree,Agree,Student
102,Strongly agree,Strongly agree,Strongly agree,Disagree,Strongly disagree,Agree,Agree,Agree,Agree,Agree,Starting researcher
103,Neutral,Disagree,Strongly agree,Agree,Agree,Disagree,Neutral,Neutral,Agree,Disagree,Experienced researcher
104,Neutral,Disagree,Strongly agree,Disagree,Agree,Neutral,Agree,Neutral,Agree,Agree,Student
105,Strongly agree,Strongly agree,Strongly agree,Neutral,Agree,Strongly agree,Strongly agree,Strongly agree,Neutral,Neutral,Starting researcher
106,Agree,Strongly agree,Strongly agree,Neutral,Strongly agree,Strongly agree,Strongly agree,Strongly agree,Agree,Agree,Experienced researcher
107,Agree,Strongly agree,Agree,Strongly agree,Disagree,Strongly agree,Strongly agree,Neutral,Agree,Neutral,Experienced researcher
108,Agree,Strongly agree,Strongly agree,Neutral,Disagree,Agree,Strongly agree,Neutral,Neutral,Agree,Experienced researcher
109,Strongly agree,Strongly agree,Strongly agree,Agree,Disagree,Agree,Agree,Agree,Agree,Agree,Experienced researcher
110,Agree,Neutral,Strongly agree,Neutral,Strongly disagree,Neutral,Agree,Neutral,Neutral,Neutral,Experienced researcher
111,Strongly agree,Agree,Agree,Neutral,Neutral,Neutral,Agree,Neutral,Agree,Agree,Starting researcher
112,Strongly agree,Agree,Strongly agree,Strongly disagree,Agree,Strongly agree,Strongly agree,Agree,Agree,Agree,Student
113,Strongly agree,Agree,Neutral,Neutral,Neutral,Agree,Agree,Agree,Neutral,Strongly agree,Starting researcher
